Phone1,Phone2,Count,CosineSimilarity_tamil_word2vec_,ClosestPhone_tamil_word2vec_,MaxSimilarity_tamil_word2vec_,CosineSimilarity_telugu_word2vec_,ClosestPhone_telugu_word2vec_,MaxSimilarity_telugu_word2vec_,CosineSimilarity_hindi_word2vec_,ClosestPhone_hindi_word2vec_,MaxSimilarity_hindi_word2vec_,CosineSimilarity_cmu_word2vec_,ClosestPhone_cmu_word2vec_,MaxSimilarity_cmu_word2vec_
T,CH,16,0.12999999523162842,AO,0.5400000214576721,0.3499999940395355,DH,0.6399999856948853,0.38999998569488525,TH,0.5899999737739563,0.23000000417232513,D,0.3199999928474426
SH,IH,8,-0.03999999910593033,R,0.6200000047683716,0.5099999904632568,Y,0.8700000047683716,-0.47999998927116394,S,0.550000011920929,-0.05999999865889549,ZH,0.6899999976158142
IY,L,8,-0.17000000178813934,AY,0.550000011920929,-0.2800000011920929,AH,0.5899999737739563,-0.36000001430511475,K_HH,0.41999998688697815,-0.20999999344348907,OW,0.7300000190734863
L,D,7,0.3799999952316284,M,0.49000000953674316,0.23999999463558197,P,0.47999998927116394,0.4699999988079071,D,0.4699999988079071,-0.18000000715255737,N,0.5299999713897705
EH,AH,752,-0.09000000357627869,OW,0.6800000071525574,0.05000000074505806,AW,0.7699999809265137,0.3199999928474426,AA,0.4000000059604645,0.10999999940395355,AA,0.699999988079071
UW,UH,194,0.38999998569488525,AA,0.550000011920929,0.30000001192092896,UH,0.30000001192092896,0.47999998927116394,AH,0.5400000214576721,0.4699999988079071,UH,0.4699999988079071
AO,-,107,0.0,-,0.0,0.0,-,0.0,0.0,-,0.0,0.0,-,0.0
EH,OY,54,0.0,OW,0.6800000071525574,0.0,AW,0.7699999809265137,0.0,AA,0.4000000059604645,0.49000000953674316,AA,0.699999988079071
EH,IH,206,-0.07000000029802322,OW,0.6800000071525574,-0.33000001311302185,AW,0.7699999809265137,0.25,AA,0.4000000059604645,0.3499999940395355,AA,0.699999988079071
AH,-,648,0.0,-,0.0,0.0,-,0.0,0.0,-,0.0,0.0,-,0.0
R,ER,773,0.0,SH,0.6200000047683716,0.0,Y,0.6800000071525574,0.0,N,0.47999998927116394,0.3700000047683716,L,0.5099999904632568
EH,-,143,0.0,-,0.0,0.0,-,0.0,0.0,-,0.0,0.0,-,0.0
D,-,242,0.0,-,0.0,0.0,-,0.0,0.0,-,0.0,0.0,-,0.0
ZH,EY,5,0.1599999964237213,R,0.46000000834465027,0.11999999731779099,CH,0.9100000262260437,0.029999999329447746,Z,0.5199999809265137,0.019999999552965164,SH,0.6899999976158142
IY,JH,7,0.0,AY,0.550000011920929,0.0,AH,0.5899999737739563,0.0,K_HH,0.41999998688697815,-0.10000000149011612,OW,0.7300000190734863
IY,IH,2356,0.05999999865889549,AY,0.550000011920929,0.2199999988079071,AH,0.5899999737739563,0.12999999523162842,K_HH,0.41999998688697815,0.23999999463558197,OW,0.7300000190734863
S,Z,560,0.25999999046325684,IH,0.5699999928474426,0.10000000149011612,NG,0.5299999713897705,0.05999999865889549,SH,0.550000011920929,-0.029999999329447746,M,0.4000000059604645
AA,-,865,0.0,-,0.0,0.0,-,0.0,0.0,-,0.0,0.0,-,0.0
IY,AY,585,0.550000011920929,AY,0.550000011920929,0.18000000715255737,AH,0.5899999737739563,0.3100000023841858,K_HH,0.41999998688697815,0.33000001311302185,OW,0.7300000190734863
AE,EH,32,0.11999999731779099,Z,0.44999998807907104,-0.15000000596046448,D,0.33000001311302185,0.12999999523162842,HH,0.6000000238418579,0.5299999713897705,AW,0.5699999928474426
D,DH,905,-0.3400000035762787,R,0.4099999964237213,0.019999999552965164,R_IH,0.3700000047683716,0.4699999988079071,M,0.6200000047683716,0.20000000298023224,Z,0.41999998688697815
IY,AH,509,0.49000000953674316,AY,0.550000011920929,0.5899999737739563,AH,0.5899999737739563,0.30000001192092896,K_HH,0.41999998688697815,0.3499999940395355,OW,0.7300000190734863
D,AH,37,-0.41999998688697815,R,0.4099999964237213,-0.23999999463558197,R_IH,0.3700000047683716,-0.4699999988079071,M,0.6200000047683716,0.10999999940395355,Z,0.41999998688697815
ZH,JH,206,0.0,R,0.46000000834465027,0.0,CH,0.9100000262260437,0.0,Z,0.5199999809265137,0.49000000953674316,SH,0.6899999976158142
AA,AE,111,-0.25999999046325684,AY,0.5600000023841858,0.3100000023841858,IH,0.3400000035762787,-0.10000000149011612,AH,0.6800000071525574,0.4000000059604645,OW,0.800000011920929
AH,ER,324,0.0,IY,0.49000000953674316,0.0,IY,0.5899999737739563,0.0,AA,0.6800000071525574,0.5699999928474426,ER,0.5699999928474426
IY,-,172,0.0,-,0.0,0.0,-,0.0,0.0,-,0.0,0.0,-,0.0
-,R,76,0.0,-,0.0,0.0,-,0.0,0.0,-,0.0,0.0,-,0.0
-,S,19,0.0,-,0.0,0.0,-,0.0,0.0,-,0.0,0.0,-,0.0
-,EH,16,0.0,-,0.0,0.0,-,0.0,0.0,-,0.0,0.0,-,0.0
EH,EY,750,0.6100000143051147,OW,0.6800000071525574,0.2199999988079071,AW,0.7699999809265137,0.11999999731779099,AA,0.4000000059604645,0.38999998569488525,AA,0.699999988079071
T,-,251,0.0,-,0.0,0.0,-,0.0,0.0,-,0.0,0.0,-,0.0
HH,TH,62,-0.019999999552965164,F,0.8399999737739563,0.41999998688697815,B_HH,0.7699999809265137,0.09000000357627869,AE,0.6000000238418579,0.2800000011920929,G,0.5699999928474426
AO,AA,506,-0.05999999865889549,T,0.5400000214576721,-0.14000000059604645,NG,0.44999998807907104,-0.1599999964237213,EY,0.6000000238418579,0.5299999713897705,UH,0.6800000071525574
AH,IH,39,0.11999999731779099,IY,0.49000000953674316,0.14000000059604645,IY,0.5899999737739563,0.4699999988079071,AA,0.6800000071525574,0.4000000059604645,ER,0.5699999928474426
AE,AH,257,-0.12999999523162842,Z,0.44999998807907104,-0.25999999046325684,D,0.33000001311302185,-0.07000000029802322,HH,0.6000000238418579,0.3499999940395355,AW,0.5699999928474426
AA,AH,70,0.4300000071525574,AY,0.5600000023841858,0.15000000596046448,IH,0.3400000035762787,0.6800000071525574,AH,0.6800000071525574,0.20999999344348907,OW,0.800000011920929
UW,AH,95,0.44999998807907104,AA,0.550000011920929,-0.11999999731779099,UH,0.30000001192092896,0.5400000214576721,AH,0.5400000214576721,0.3799999952316284,UH,0.4699999988079071
OW,AO,86,-0.05999999865889549,EH,0.6800000071525574,-0.3100000023841858,EH,0.6200000047683716,0.550000011920929,AO,0.550000011920929,0.20999999344348907,AA,0.800000011920929
UW,AW,195,0.20999999344348907,AA,0.550000011920929,0.23000000417232513,UH,0.30000001192092896,-0.20000000298023224,AH,0.5400000214576721,-0.1899999976158142,UH,0.4699999988079071
AO,OY,6,0.0,T,0.5400000214576721,0.0,NG,0.44999998807907104,0.0,EY,0.6000000238418579,0.10999999940395355,UH,0.6800000071525574
SH,CH,160,0.05000000074505806,R,0.6200000047683716,0.12999999523162842,Y,0.8700000047683716,0.28999999165534973,S,0.550000011920929,0.17000000178813934,ZH,0.6899999976158142
R,-,69,0.0,-,0.0,0.0,-,0.0,0.0,-,0.0,0.0,-,0.0
AA,EH,2,0.1899999976158142,AY,0.5600000023841858,-0.2199999988079071,IH,0.3400000035762787,0.4000000059604645,AH,0.6800000071525574,0.699999988079071,OW,0.800000011920929
AH,EH,28,-0.09000000357627869,IY,0.49000000953674316,0.05000000074505806,IY,0.5899999737739563,0.3199999928474426,AA,0.6800000071525574,0.10999999940395355,ER,0.5699999928474426
AO,AH,320,-0.3799999952316284,T,0.5400000214576721,-0.3799999952316284,NG,0.44999998807907104,-0.11999999731779099,EY,0.6000000238418579,-0.10999999940395355,UH,0.6800000071525574
F,V,218,0.2199999988079071,HH,0.8399999737739563,0.20999999344348907,CH,0.8899999856948853,0.009999999776482582,AO,0.4099999964237213,0.11999999731779099,B,0.5899999737739563
Y,-,91,0.0,-,0.0,0.0,-,0.0,0.0,-,0.0,0.0,-,0.0
T,DH,48,-0.019999999552965164,AO,0.5400000214576721,0.6399999856948853,DH,0.6399999856948853,0.09000000357627869,TH,0.5899999737739563,0.009999999776482582,D,0.3199999928474426
-,T,80,0.0,-,0.0,0.0,-,0.0,0.0,-,0.0,0.0,-,0.0
B,-,15,0.0,-,0.0,0.0,-,0.0,0.0,-,0.0,0.0,-,0.0
T,EY,3,-0.009999999776482582,AO,0.5400000214576721,-0.1599999964237213,DH,0.6399999856948853,0.019999999552965164,TH,0.5899999737739563,-0.27000001072883606,D,0.3199999928474426
IY,ER,4,0.0,AY,0.550000011920929,0.0,AH,0.5899999737739563,0.0,K_HH,0.41999998688697815,0.33000001311302185,OW,0.7300000190734863
OW,IH,1,-0.23999999463558197,EH,0.6800000071525574,-0.009999999776482582,EH,0.6200000047683716,-0.15000000596046448,AO,0.550000011920929,0.10999999940395355,AA,0.800000011920929
R,T,5,0.27000001072883606,SH,0.6200000047683716,0.41999998688697815,Y,0.6800000071525574,0.20999999344348907,N,0.47999998927116394,-0.25999999046325684,L,0.5099999904632568
IY,T,6,-0.17000000178813934,AY,0.550000011920929,-0.33000001311302185,AH,0.5899999737739563,-0.3799999952316284,K_HH,0.41999998688697815,0.05000000074505806,OW,0.7300000190734863
T,IY,2,-0.17000000178813934,AO,0.5400000214576721,-0.33000001311302185,DH,0.6399999856948853,-0.3799999952316284,TH,0.5899999737739563,0.05000000074505806,D,0.3199999928474426
Z,S,59,0.25999999046325684,G,0.7699999809265137,0.10000000149011612,G_HH,0.699999988079071,0.05999999865889549,ZH,0.5199999809265137,-0.029999999329447746,D,0.41999998688697815
IY,EY,13,0.3499999940395355,AY,0.550000011920929,0.11999999731779099,AH,0.5899999737739563,0.11999999731779099,K_HH,0.41999998688697815,0.17000000178813934,OW,0.7300000190734863
D,IH,18,0.05000000074505806,R,0.4099999964237213,-0.11999999731779099,R_IH,0.3700000047683716,-0.25,M,0.6200000047683716,-0.2800000011920929,Z,0.41999998688697815
OW,-,26,0.0,-,0.0,0.0,-,0.0,0.0,-,0.0,0.0,-,0.0
AH,AA,108,0.4300000071525574,IY,0.49000000953674316,0.15000000596046448,IY,0.5899999737739563,0.6800000071525574,AA,0.6800000071525574,0.20999999344348907,ER,0.5699999928474426
R,AO,3,0.23000000417232513,SH,0.6200000047683716,0.30000001192092896,Y,0.6800000071525574,0.0,N,0.47999998927116394,-0.3199999928474426,L,0.5099999904632568
AO,R,7,0.23000000417232513,T,0.5400000214576721,0.30000001192092896,NG,0.44999998807907104,0.0,EY,0.6000000238418579,-0.3199999928474426,UH,0.6800000071525574
T,TH,118,-0.1899999976158142,AO,0.5400000214576721,0.28999999165534973,DH,0.6399999856948853,0.5899999737739563,TH,0.5899999737739563,0.30000001192092896,D,0.3199999928474426
D,T,93,0.28999999165534973,R,0.4099999964237213,0.07000000029802322,R_IH,0.3700000047683716,0.33000001311302185,M,0.6200000047683716,0.3199999928474426,Z,0.41999998688697815
-,AH,54,0.0,-,0.0,0.0,-,0.0,0.0,-,0.0,0.0,-,0.0
Z,-,8,0.0,-,0.0,0.0,-,0.0,0.0,-,0.0,0.0,-,0.0
EH,D,4,0.019999999552965164,OW,0.6800000071525574,0.019999999552965164,AW,0.7699999809265137,-0.14000000059604645,AA,0.4000000059604645,0.20000000298023224,AA,0.699999988079071
Z,IH,2,0.36000001430511475,G,0.7699999809265137,0.11999999731779099,G_HH,0.699999988079071,-0.009999999776482582,ZH,0.5199999809265137,0.029999999329447746,D,0.41999998688697815
IY,S,5,-0.2199999988079071,AY,0.550000011920929,-0.1599999964237213,AH,0.5899999737739563,-0.12999999523162842,K_HH,0.41999998688697815,-0.009999999776482582,OW,0.7300000190734863
UW,OW,7,0.33000001311302185,AA,0.550000011920929,0.15000000596046448,UH,0.30000001192092896,0.3199999928474426,AH,0.5400000214576721,0.25,UH,0.4699999988079071
OW,AH,76,-0.09000000357627869,EH,0.6800000071525574,-0.05000000074505806,EH,0.6200000047683716,0.20000000298023224,AO,0.550000011920929,0.44999998807907104,AA,0.800000011920929
AH,AE,21,-0.12999999523162842,IY,0.49000000953674316,-0.25999999046325684,IY,0.5899999737739563,-0.07000000029802322,AA,0.6800000071525574,0.3499999940395355,ER,0.5699999928474426
AA,AY,37,0.5600000023841858,AY,0.5600000023841858,-0.1899999976158142,IH,0.3400000035762787,-0.10000000149011612,AH,0.6800000071525574,0.18000000715255737,OW,0.800000011920929
IY,Z,4,-0.30000001192092896,AY,0.550000011920929,0.09000000357627869,AH,0.5899999737739563,0.0,K_HH,0.41999998688697815,-0.14000000059604645,OW,0.7300000190734863
S,D,1,0.27000001072883606,IH,0.5699999928474426,-0.07999999821186066,NG,0.5299999713897705,0.4300000071525574,SH,0.550000011920929,-0.09000000357627869,M,0.4000000059604645
-,Z,4,0.0,-,0.0,0.0,-,0.0,0.0,-,0.0,0.0,-,0.0
N,-,28,0.0,-,0.0,0.0,-,0.0,0.0,-,0.0,0.0,-,0.0
T,D,6,0.28999999165534973,AO,0.5400000214576721,0.07000000029802322,DH,0.6399999856948853,0.33000001311302185,TH,0.5899999737739563,0.3199999928474426,D,0.3199999928474426
HH,DH,7,-0.11999999731779099,F,0.8399999737739563,0.6399999856948853,B_HH,0.7699999809265137,-0.18000000715255737,AE,0.6000000238418579,0.019999999552965164,G,0.5699999928474426
AH,R,36,-0.20999999344348907,IY,0.49000000953674316,-0.10000000149011612,IY,0.5899999737739563,-0.3400000035762787,AA,0.6800000071525574,0.3199999928474426,ER,0.5699999928474426
-,W,4,0.0,-,0.0,0.0,-,0.0,0.0,-,0.0,0.0,-,0.0
UW,-,19,0.0,-,0.0,0.0,-,0.0,0.0,-,0.0,0.0,-,0.0
L,UH,1,0.14000000059604645,M,0.49000000953674316,-0.33000001311302185,P,0.47999998927116394,-0.029999999329447746,D,0.4699999988079071,0.05000000074505806,N,0.5299999713897705
SH,-,53,0.0,-,0.0,0.0,-,0.0,0.0,-,0.0,0.0,-,0.0
AH,S,2,-0.09000000357627869,IY,0.49000000953674316,0.03999999910593033,IY,0.5899999737739563,-0.3100000023841858,AA,0.6800000071525574,0.009999999776482582,ER,0.5699999928474426
ZH,-,20,0.0,-,0.0,0.0,-,0.0,0.0,-,0.0,0.0,-,0.0
AO,JH,7,0.0,T,0.5400000214576721,0.0,NG,0.44999998807907104,0.0,EY,0.6000000238418579,-0.11999999731779099,UH,0.6800000071525574
Y,OY,25,0.0,UX,0.36000001430511475,0.0,SH,0.8700000047683716,0.0,B_HH,0.5699999928474426,-0.029999999329447746,ZH,0.36000001430511475
D,AA,17,-0.4099999964237213,R,0.4099999964237213,0.18000000715255737,R_IH,0.3700000047683716,-0.25999999046325684,M,0.6200000047683716,0.05999999865889549,Z,0.41999998688697815
-,Y,44,0.0,-,0.0,0.0,-,0.0,0.0,-,0.0,0.0,-,0.0
AH,AY,21,0.20000000298023224,IY,0.49000000953674316,0.25,IY,0.5899999737739563,-0.25,AA,0.6800000071525574,-0.09000000357627869,ER,0.5699999928474426
EH,ER,10,0.0,OW,0.6800000071525574,0.0,AW,0.7699999809265137,0.0,AA,0.4000000059604645,0.1599999964237213,AA,0.699999988079071
-,K,4,0.0,-,0.0,0.0,-,0.0,0.0,-,0.0,0.0,-,0.0
OW,AA,20,-0.07999999821186066,EH,0.6800000071525574,-0.17000000178813934,EH,0.6200000047683716,0.2800000011920929,AO,0.550000011920929,0.800000011920929,AA,0.800000011920929
HH,AA,1,-0.17000000178813934,F,0.8399999737739563,0.10999999940395355,B_HH,0.7699999809265137,-0.05000000074505806,AE,0.6000000238418579,-0.019999999552965164,G,0.5699999928474426
AA,R,10,-0.28999999165534973,AY,0.5600000023841858,-0.2199999988079071,IH,0.3400000035762787,-0.25,AH,0.6800000071525574,0.09000000357627869,OW,0.800000011920929
OW,V,4,-0.4399999976158142,EH,0.6800000071525574,-0.07999999821186066,EH,0.6200000047683716,0.03999999910593033,AO,0.550000011920929,0.12999999523162842,AA,0.800000011920929
-,UH,2,0.0,-,0.0,0.0,-,0.0,0.0,-,0.0,0.0,-,0.0
HH,-,36,0.0,-,0.0,0.0,-,0.0,0.0,-,0.0,0.0,-,0.0
AE,-,18,0.0,-,0.0,0.0,-,0.0,0.0,-,0.0,0.0,-,0.0
N,D,6,0.18000000715255737,R_IH,0.4000000059604645,-0.11999999731779099,B,0.46000000834465027,0.3700000047683716,R,0.47999998927116394,-0.25,L,0.5299999713897705
S,SH,3,0.10000000149011612,IH,0.5699999928474426,0.30000001192092896,NG,0.5299999713897705,0.550000011920929,SH,0.550000011920929,0.20999999344348907,M,0.4000000059604645
EH,AE,17,0.11999999731779099,OW,0.6800000071525574,-0.15000000596046448,AW,0.7699999809265137,0.12999999523162842,AA,0.4000000059604645,0.5299999713897705,AA,0.699999988079071
OW,UH,10,0.5299999713897705,EH,0.6800000071525574,0.10000000149011612,EH,0.6200000047683716,0.41999998688697815,AO,0.550000011920929,0.30000001192092896,AA,0.800000011920929
P,-,8,0.0,-,0.0,0.0,-,0.0,0.0,-,0.0,0.0,-,0.0
UW,CH,3,-0.3499999940395355,AA,0.550000011920929,-0.12999999523162842,UH,0.30000001192092896,0.09000000357627869,AH,0.5400000214576721,-0.07999999821186066,UH,0.4699999988079071
D,JH,10,0.0,R,0.4099999964237213,0.0,R_IH,0.3700000047683716,0.0,M,0.6200000047683716,0.07999999821186066,Z,0.41999998688697815
ZH,D,4,0.30000001192092896,R,0.46000000834465027,0.009999999776482582,CH,0.9100000262260437,0.10000000149011612,Z,0.5199999809265137,0.009999999776482582,SH,0.6899999976158142
AH,DH,55,0.2800000011920929,IY,0.49000000953674316,-0.029999999329447746,IY,0.5899999737739563,-0.15000000596046448,AA,0.6800000071525574,-0.17000000178813934,ER,0.5699999928474426
AO,AE,1,-0.1899999976158142,T,0.5400000214576721,-0.1899999976158142,NG,0.44999998807907104,0.3700000047683716,EY,0.6000000238418579,0.10000000149011612,UH,0.6800000071525574
L,IH,2,0.23999999463558197,M,0.49000000953674316,-0.1899999976158142,P,0.47999998927116394,-0.029999999329447746,D,0.4699999988079071,0.12999999523162842,N,0.5299999713897705
OW,Z,1,-0.029999999329447746,EH,0.6800000071525574,-0.6499999761581421,EH,0.6200000047683716,0.12999999523162842,AO,0.550000011920929,-0.05999999865889549,AA,0.800000011920929
IY,SH,1,0.07999999821186066,AY,0.550000011920929,0.17000000178813934,AH,0.5899999737739563,-0.009999999776482582,K_HH,0.41999998688697815,-0.17000000178813934,OW,0.7300000190734863
V,IH,1,0.14000000059604645,M,0.5099999904632568,0.03999999910593033,UW,0.28999999165534973,-0.18000000715255737,T,0.5299999713897705,-0.09000000357627869,JH,0.6200000047683716
Y,IY,1,-0.46000000834465027,UX,0.36000001430511475,-0.05999999865889549,SH,0.8700000047683716,-0.05999999865889549,B_HH,0.5699999928474426,0.11999999731779099,ZH,0.36000001430511475
W,-,38,0.0,-,0.0,0.0,-,0.0,0.0,-,0.0,0.0,-,0.0
AH,AW,12,0.1599999964237213,IY,0.49000000953674316,0.2199999988079071,IY,0.5899999737739563,-0.09000000357627869,AA,0.6800000071525574,-0.12999999523162842,ER,0.5699999928474426
-,D,54,0.0,-,0.0,0.0,-,0.0,0.0,-,0.0,0.0,-,0.0
SH,ZH,11,0.2199999988079071,R,0.6200000047683716,0.05999999865889549,Y,0.8700000047683716,0.17000000178813934,S,0.550000011920929,0.6899999976158142,ZH,0.6899999976158142
D,ER,15,0.0,R,0.4099999964237213,0.0,R_IH,0.3700000047683716,0.0,M,0.6200000047683716,0.1899999976158142,Z,0.41999998688697815
T,NG,1,-0.17000000178813934,AO,0.5400000214576721,0.17000000178813934,DH,0.6399999856948853,0.30000001192092896,TH,0.5899999737739563,0.15000000596046448,D,0.3199999928474426
W,UW,6,-0.15000000596046448,HH,0.5099999904632568,-0.2800000011920929,K_HH,0.6899999976158142,0.10000000149011612,K,0.4699999988079071,-0.20999999344348907,F,0.5400000214576721
AA,ER,17,0.0,AY,0.5600000023841858,0.0,IH,0.3400000035762787,0.0,AH,0.6800000071525574,0.019999999552965164,OW,0.800000011920929
-,IH,33,0.0,-,0.0,0.0,-,0.0,0.0,-,0.0,0.0,-,0.0
K,G,15,-0.05000000074505806,UH,0.5899999737739563,0.10000000149011612,P,0.4000000059604645,0.10999999940395355,T,0.5799999833106995,0.47999998927116394,G,0.47999998927116394
IY,EH,36,0.029999999329447746,AY,0.550000011920929,0.03999999910593033,AH,0.5899999737739563,-0.1899999976158142,K_HH,0.41999998688697815,0.6399999856948853,OW,0.7300000190734863
-,AE,3,0.0,-,0.0,0.0,-,0.0,0.0,-,0.0,0.0,-,0.0
-,CH,1,0.0,-,0.0,0.0,-,0.0,0.0,-,0.0,0.0,-,0.0
UW,AO,1,-0.0,AA,0.550000011920929,-0.18000000715255737,UH,0.30000001192092896,0.23999999463558197,AH,0.5400000214576721,-0.019999999552965164,UH,0.4699999988079071
ZH,ER,1,0.0,R,0.46000000834465027,0.0,CH,0.9100000262260437,0.0,Z,0.5199999809265137,-0.25999999046325684,SH,0.6899999976158142
AH,JH,12,0.0,IY,0.49000000953674316,0.0,IY,0.5899999737739563,0.0,AA,0.6800000071525574,0.009999999776482582,ER,0.5699999928474426
OW,AW,34,0.2800000011920929,EH,0.6800000071525574,0.20000000298023224,EH,0.6200000047683716,0.28999999165534973,AO,0.550000011920929,0.07000000029802322,AA,0.800000011920929
AH,IY,1,0.49000000953674316,IY,0.49000000953674316,0.5899999737739563,IY,0.5899999737739563,0.30000001192092896,AA,0.6800000071525574,0.3499999940395355,ER,0.5699999928474426
L,AH,9,-0.3199999928474426,M,0.49000000953674316,-0.36000001430511475,P,0.47999998927116394,-0.47999998927116394,D,0.4699999988079071,-0.09000000357627869,N,0.5299999713897705
AA,Z,2,-0.1599999964237213,AY,0.5600000023841858,0.20000000298023224,IH,0.3400000035762787,0.15000000596046448,AH,0.6800000071525574,-0.009999999776482582,OW,0.800000011920929
Z,N,1,0.20999999344348907,G,0.7699999809265137,-0.14000000059604645,G_HH,0.699999988079071,0.09000000357627869,ZH,0.5199999809265137,0.11999999731779099,D,0.41999998688697815
-,L,5,0.0,-,0.0,0.0,-,0.0,0.0,-,0.0,0.0,-,0.0
-,IY,2,0.0,-,0.0,0.0,-,0.0,0.0,-,0.0,0.0,-,0.0
G,-,22,0.0,-,0.0,0.0,-,0.0,0.0,-,0.0,0.0,-,0.0
AH,AO,11,-0.3799999952316284,IY,0.49000000953674316,-0.3799999952316284,IY,0.5899999737739563,-0.11999999731779099,AA,0.6800000071525574,-0.10999999940395355,ER,0.5699999928474426
IY,Y,11,-0.46000000834465027,AY,0.550000011920929,-0.05999999865889549,AH,0.5899999737739563,-0.05999999865889549,K_HH,0.41999998688697815,0.11999999731779099,OW,0.7300000190734863
T,ER,10,0.0,AO,0.5400000214576721,0.0,DH,0.6399999856948853,0.0,TH,0.5899999737739563,0.0,D,0.3199999928474426
UW,N,4,-0.11999999731779099,AA,0.550000011920929,-0.07999999821186066,UH,0.30000001192092896,-0.2199999988079071,AH,0.5400000214576721,0.3499999940395355,UH,0.4699999988079071
UW,W,12,-0.15000000596046448,AA,0.550000011920929,-0.2800000011920929,UH,0.30000001192092896,0.10000000149011612,AH,0.5400000214576721,-0.20999999344348907,UH,0.4699999988079071
ZH,AH,7,-0.15000000596046448,R,0.46000000834465027,0.09000000357627869,CH,0.9100000262260437,0.10000000149011612,Z,0.5199999809265137,-0.12999999523162842,SH,0.6899999976158142
-,EY,6,0.0,-,0.0,0.0,-,0.0,0.0,-,0.0,0.0,-,0.0
EH,ZH,2,0.1899999976158142,OW,0.6800000071525574,-0.27000001072883606,AW,0.7699999809265137,0.029999999329447746,AA,0.4000000059604645,-0.09000000357627869,AA,0.699999988079071
SH,AH,10,-0.12999999523162842,R,0.6200000047683716,0.15000000596046448,Y,0.8700000047683716,-0.1599999964237213,S,0.550000011920929,-0.10000000149011612,ZH,0.6899999976158142
UW,JH,1,0.0,AA,0.550000011920929,0.0,UH,0.30000001192092896,0.0,AH,0.5400000214576721,0.10999999940395355,UH,0.4699999988079071
L,-,17,0.0,-,0.0,0.0,-,0.0,0.0,-,0.0,0.0,-,0.0
AO,OW,13,-0.05999999865889549,T,0.5400000214576721,-0.3100000023841858,NG,0.44999998807907104,0.550000011920929,EY,0.6000000238418579,0.20999999344348907,UH,0.6800000071525574
R,G,2,-0.07000000029802322,SH,0.6200000047683716,0.17000000178813934,Y,0.6800000071525574,-0.27000001072883606,N,0.47999998927116394,-0.44999998807907104,L,0.5099999904632568
D,EY,12,-0.10000000149011612,R,0.4099999964237213,-0.07000000029802322,R_IH,0.3700000047683716,0.03999999910593033,M,0.6200000047683716,-0.27000001072883606,Z,0.41999998688697815
ZH,T,2,0.07999999821186066,R,0.46000000834465027,0.25999999046325684,CH,0.9100000262260437,-0.0,Z,0.5199999809265137,0.10999999940395355,SH,0.6899999976158142
Y,R,1,-0.18000000715255737,UX,0.36000001430511475,0.6800000071525574,SH,0.8700000047683716,0.15000000596046448,B_HH,0.5699999928474426,0.019999999552965164,ZH,0.36000001430511475
-,G,5,0.0,-,0.0,0.0,-,0.0,0.0,-,0.0,0.0,-,0.0
-,HH,10,0.0,-,0.0,0.0,-,0.0,0.0,-,0.0,0.0,-,0.0
ZH,IY,1,-0.10999999940395355,R,0.46000000834465027,-0.029999999329447746,CH,0.9100000262260437,-0.029999999329447746,Z,0.5199999809265137,-0.019999999552965164,SH,0.6899999976158142
R,D,7,0.4099999964237213,SH,0.6200000047683716,0.07999999821186066,Y,0.6800000071525574,0.2199999988079071,N,0.47999998927116394,-0.30000001192092896,L,0.5099999904632568
AH,CH,25,-0.41999998688697815,IY,0.49000000953674316,-0.03999999910593033,IY,0.5899999737739563,-0.05999999865889549,AA,0.6800000071525574,-0.10999999940395355,ER,0.5699999928474426
-,AO,26,0.0,-,0.0,0.0,-,0.0,0.0,-,0.0,0.0,-,0.0
OW,R,16,-0.019999999552965164,EH,0.6800000071525574,-0.17000000178813934,EH,0.6200000047683716,-0.1899999976158142,AO,0.550000011920929,0.3199999928474426,AA,0.800000011920929
AA,AW,20,0.23999999463558197,AY,0.5600000023841858,0.03999999910593033,IH,0.3400000035762787,0.25,AH,0.6800000071525574,0.1599999964237213,OW,0.800000011920929
-,NG,5,0.0,-,0.0,0.0,-,0.0,0.0,-,0.0,0.0,-,0.0
N,K,5,-0.0,R_IH,0.4000000059604645,0.10999999940395355,B,0.46000000834465027,0.23000000417232513,R,0.47999998927116394,0.15000000596046448,L,0.5299999713897705
AE,AA,6,-0.25999999046325684,Z,0.44999998807907104,0.3100000023841858,D,0.33000001311302185,-0.10000000149011612,HH,0.6000000238418579,0.4000000059604645,AW,0.5699999928474426
OW,UW,3,0.33000001311302185,EH,0.6800000071525574,0.15000000596046448,EH,0.6200000047683716,0.3199999928474426,AO,0.550000011920929,0.25,AA,0.800000011920929
AE,EY,8,0.10999999940395355,Z,0.44999998807907104,-0.05000000074505806,D,0.33000001311302185,0.38999998569488525,HH,0.6000000238418579,0.4099999964237213,AW,0.5699999928474426
-,AW,5,0.0,-,0.0,0.0,-,0.0,0.0,-,0.0,0.0,-,0.0
AO,ER,6,0.0,T,0.5400000214576721,0.0,NG,0.44999998807907104,0.0,EY,0.6000000238418579,0.019999999552965164,UH,0.6800000071525574
S,R,3,0.14000000059604645,IH,0.5699999928474426,0.3100000023841858,NG,0.5299999713897705,0.3400000035762787,SH,0.550000011920929,0.20000000298023224,M,0.4000000059604645
T,S,8,0.15000000596046448,AO,0.5400000214576721,0.25999999046325684,DH,0.6399999856948853,0.41999998688697815,TH,0.5899999737739563,-0.23000000417232513,D,0.3199999928474426
T,IH,26,0.25,AO,0.5400000214576721,0.2800000011920929,DH,0.6399999856948853,-0.4300000071525574,TH,0.5899999737739563,0.15000000596046448,D,0.3199999928474426
AE,AY,5,-0.17000000178813934,Z,0.44999998807907104,-0.46000000834465027,D,0.33000001311302185,-0.1899999976158142,HH,0.6000000238418579,0.30000001192092896,AW,0.5699999928474426
AE,ER,2,0.0,Z,0.44999998807907104,0.0,D,0.33000001311302185,0.0,HH,0.6000000238418579,0.3199999928474426,AW,0.5699999928474426
R,AH,2,-0.20999999344348907,SH,0.6200000047683716,-0.10000000149011612,Y,0.6800000071525574,-0.3400000035762787,N,0.47999998927116394,0.3199999928474426,L,0.5099999904632568
EH,N,4,0.23000000417232513,OW,0.6800000071525574,0.029999999329447746,AW,0.7699999809265137,0.05999999865889549,AA,0.4000000059604645,0.12999999523162842,AA,0.699999988079071
N,T,4,-0.10999999940395355,R_IH,0.4000000059604645,0.07999999821186066,B,0.46000000834465027,0.20000000298023224,R,0.47999998927116394,-0.14000000059604645,L,0.5299999713897705
EH,IY,15,0.029999999329447746,OW,0.6800000071525574,0.03999999910593033,AW,0.7699999809265137,-0.1899999976158142,AA,0.4000000059604645,0.6399999856948853,AA,0.699999988079071
AE,IH,1,0.33000001311302185,Z,0.44999998807907104,-0.07000000029802322,D,0.33000001311302185,0.05000000074505806,HH,0.6000000238418579,0.38999998569488525,AW,0.5699999928474426
Y,AY,14,-0.5199999809265137,UX,0.36000001430511475,0.3100000023841858,SH,0.8700000047683716,0.09000000357627869,B_HH,0.5699999928474426,-0.09000000357627869,ZH,0.36000001430511475
D,Z,1,-0.05000000074505806,R,0.4099999964237213,-0.30000001192092896,R_IH,0.3700000047683716,0.27000001072883606,M,0.6200000047683716,0.41999998688697815,Z,0.41999998688697815
AA,AO,6,-0.05999999865889549,AY,0.5600000023841858,-0.14000000059604645,IH,0.3400000035762787,-0.1599999964237213,AH,0.6800000071525574,0.5299999713897705,OW,0.800000011920929
SH,EH,1,-0.0,R,0.6200000047683716,-0.09000000357627869,Y,0.8700000047683716,-0.23000000417232513,S,0.550000011920929,-0.15000000596046448,ZH,0.6899999976158142
EH,R,4,-0.09000000357627869,OW,0.6800000071525574,-0.10999999940395355,AW,0.7699999809265137,0.07000000029802322,AA,0.4000000059604645,-0.07000000029802322,AA,0.699999988079071
-,P,2,0.0,-,0.0,0.0,-,0.0,0.0,-,0.0,0.0,-,0.0
S,-,18,0.0,-,0.0,0.0,-,0.0,0.0,-,0.0,0.0,-,0.0
OW,AY,3,0.4000000059604645,EH,0.6800000071525574,0.1599999964237213,EH,0.6200000047683716,-0.3100000023841858,AO,0.550000011920929,0.2199999988079071,AA,0.800000011920929
-,AA,10,0.0,-,0.0,0.0,-,0.0,0.0,-,0.0,0.0,-,0.0
G,K,3,-0.05000000074505806,Z,0.7699999809265137,0.10000000149011612,ZH,0.4399999976158142,0.10999999940395355,B,0.5199999809265137,0.47999998927116394,HH,0.5699999928474426
UW,Y,7,-0.27000001072883606,AA,0.550000011920929,-0.5,UH,0.30000001192092896,-0.07999999821186066,AH,0.5400000214576721,-0.1599999964237213,UH,0.4699999988079071
AH,L,6,-0.3199999928474426,IY,0.49000000953674316,-0.36000001430511475,IY,0.5899999737739563,-0.47999998927116394,AA,0.6800000071525574,-0.09000000357627869,ER,0.5699999928474426
F,-,9,0.0,-,0.0,0.0,-,0.0,0.0,-,0.0,0.0,-,0.0
K,-,15,0.0,-,0.0,0.0,-,0.0,0.0,-,0.0,0.0,-,0.0
AH,HH,1,0.05000000074505806,IY,0.49000000953674316,0.03999999910593033,IY,0.5899999737739563,0.019999999552965164,AA,0.6800000071525574,0.25,ER,0.5699999928474426
Y,V,1,-0.3100000023841858,UX,0.36000001430511475,-0.10999999940395355,SH,0.8700000047683716,-0.1899999976158142,B_HH,0.5699999928474426,-0.23000000417232513,ZH,0.36000001430511475
IY,D,3,-0.49000000953674316,AY,0.550000011920929,-0.2199999988079071,AH,0.5899999737739563,-0.4300000071525574,K_HH,0.41999998688697815,-0.09000000357627869,OW,0.7300000190734863
W,AW,4,-0.05000000074505806,HH,0.5099999904632568,0.17000000178813934,K_HH,0.6899999976158142,0.07999999821186066,K,0.4699999988079071,0.4699999988079071,F,0.5400000214576721
SH,ER,2,0.0,R,0.6200000047683716,0.0,Y,0.8700000047683716,0.0,S,0.550000011920929,-0.10000000149011612,ZH,0.6899999976158142
HH,CH,3,0.33000001311302185,F,0.8399999737739563,0.49000000953674316,B_HH,0.7699999809265137,0.03999999910593033,AE,0.6000000238418579,-0.14000000059604645,G,0.5699999928474426
Y,CH,2,0.019999999552965164,UX,0.36000001430511475,0.3100000023841858,SH,0.8700000047683716,0.2199999988079071,B_HH,0.5699999928474426,0.09000000357627869,ZH,0.36000001430511475
EH,AY,9,0.5799999833106995,OW,0.6800000071525574,0.2199999988079071,AW,0.7699999809265137,-0.2199999988079071,AA,0.4000000059604645,0.6100000143051147,AA,0.699999988079071
AA,IH,1,-0.10999999940395355,AY,0.5600000023841858,0.3400000035762787,IH,0.3400000035762787,0.4399999976158142,AH,0.6800000071525574,0.05000000074505806,OW,0.800000011920929
IY,N,4,-0.07999999821186066,AY,0.550000011920929,-0.3100000023841858,AH,0.5899999737739563,0.019999999552965164,K_HH,0.41999998688697815,0.03999999910593033,OW,0.7300000190734863
N,Y,1,0.3499999940395355,R_IH,0.4000000059604645,0.1599999964237213,B,0.46000000834465027,0.23000000417232513,R,0.47999998927116394,-0.03999999910593033,L,0.5299999713897705
-,AY,3,0.0,-,0.0,0.0,-,0.0,0.0,-,0.0,0.0,-,0.0
ZH,Z,3,-0.10000000149011612,R,0.46000000834465027,0.3499999940395355,CH,0.9100000262260437,0.5199999809265137,Z,0.5199999809265137,-0.07999999821186066,SH,0.6899999976158142
AO,UH,3,0.4000000059604645,T,0.5400000214576721,-0.12999999523162842,NG,0.44999998807907104,0.15000000596046448,EY,0.6000000238418579,0.6800000071525574,UH,0.6800000071525574
Y,EY,2,-0.03999999910593033,UX,0.36000001430511475,-0.10999999940395355,SH,0.8700000047683716,0.0,B_HH,0.5699999928474426,0.23000000417232513,ZH,0.36000001430511475
AO,IH,3,0.1899999976158142,T,0.5400000214576721,0.20999999344348907,NG,0.44999998807907104,-0.28999999165534973,EY,0.6000000238418579,0.12999999523162842,UH,0.6800000071525574
S,IH,3,0.5699999928474426,IH,0.5699999928474426,-0.05999999865889549,NG,0.5299999713897705,-0.47999998927116394,SH,0.550000011920929,-0.029999999329447746,M,0.4000000059604645
EH,S,3,-0.009999999776482582,OW,0.6800000071525574,-0.20999999344348907,AW,0.7699999809265137,-0.11999999731779099,AA,0.4000000059604645,0.10000000149011612,AA,0.699999988079071
M,AE,1,0.029999999329447746,V,0.5099999904632568,-0.3199999928474426,Y,0.6600000262260437,0.27000001072883606,D,0.6200000047683716,0.05999999865889549,UW,0.4099999964237213
AE,M,1,0.029999999329447746,Z,0.44999998807907104,-0.3199999928474426,D,0.33000001311302185,0.27000001072883606,HH,0.6000000238418579,0.05999999865889549,AW,0.5699999928474426
AA,TH,9,-0.15000000596046448,AY,0.5600000023841858,0.2800000011920929,IH,0.3400000035762787,-0.4099999964237213,AH,0.6800000071525574,0.18000000715255737,OW,0.800000011920929
NG,-,3,0.0,-,0.0,0.0,-,0.0,0.0,-,0.0,0.0,-,0.0
M,-,3,0.0,-,0.0,0.0,-,0.0,0.0,-,0.0,0.0,-,0.0
AH,EY,3,0.2800000011920929,IY,0.49000000953674316,0.20999999344348907,IY,0.5899999737739563,0.17000000178813934,AA,0.6800000071525574,0.3400000035762787,ER,0.5699999928474426
R,DH,1,-0.1599999964237213,SH,0.6200000047683716,0.4399999976158142,Y,0.6800000071525574,0.029999999329447746,N,0.47999998927116394,-0.15000000596046448,L,0.5099999904632568
AH,TH,4,0.009999999776482582,IY,0.49000000953674316,-0.0,IY,0.5899999737739563,-0.23000000417232513,AA,0.6800000071525574,-0.05000000074505806,ER,0.5699999928474426
Y,UW,3,-0.27000001072883606,UX,0.36000001430511475,-0.5,SH,0.8700000047683716,-0.07999999821186066,B_HH,0.5699999928474426,-0.1599999964237213,ZH,0.36000001430511475
UW,IH,3,-0.07000000029802322,AA,0.550000011920929,-0.3400000035762787,UH,0.30000001192092896,0.38999998569488525,AH,0.5400000214576721,0.10999999940395355,UH,0.4699999988079071
-,ER,3,0.0,-,0.0,0.0,-,0.0,0.0,-,0.0,0.0,-,0.0
-,N,2,0.0,-,0.0,0.0,-,0.0,0.0,-,0.0,0.0,-,0.0
R,TH,2,-0.05999999865889549,SH,0.6200000047683716,-0.07999999821186066,Y,0.6800000071525574,0.10999999940395355,N,0.47999998927116394,-0.11999999731779099,L,0.5099999904632568
L,AE,1,-0.1599999964237213,M,0.49000000953674316,-0.05999999865889549,P,0.47999998927116394,0.029999999329447746,D,0.4699999988079071,0.3400000035762787,N,0.5299999713897705
S,ER,1,0.0,IH,0.5699999928474426,0.0,NG,0.5299999713897705,0.0,SH,0.550000011920929,0.10000000149011612,M,0.4000000059604645
SH,AA,1,0.17000000178813934,R,0.6200000047683716,-0.029999999329447746,Y,0.8700000047683716,-0.23999999463558197,S,0.550000011920929,-0.10000000149011612,ZH,0.6899999976158142
Y,S,4,0.10999999940395355,UX,0.36000001430511475,0.49000000953674316,SH,0.8700000047683716,-0.05000000074505806,B_HH,0.5699999928474426,-0.07000000029802322,ZH,0.36000001430511475
-,UW,2,0.0,-,0.0,0.0,-,0.0,0.0,-,0.0,0.0,-,0.0
-,M,1,0.0,-,0.0,0.0,-,0.0,0.0,-,0.0,0.0,-,0.0
M,S,2,-0.019999999552965164,V,0.5099999904632568,0.0,Y,0.6600000262260437,0.15000000596046448,D,0.6200000047683716,0.4000000059604645,UW,0.4099999964237213
AH,OW,4,-0.09000000357627869,IY,0.49000000953674316,-0.05000000074505806,IY,0.5899999737739563,0.20000000298023224,AA,0.6800000071525574,0.44999998807907104,ER,0.5699999928474426
SH,K,1,-0.10000000149011612,R,0.6200000047683716,-0.03999999910593033,Y,0.8700000047683716,0.14000000059604645,S,0.550000011920929,-0.18000000715255737,ZH,0.6899999976158142
UW,S,2,-0.20999999344348907,AA,0.550000011920929,-0.20000000298023224,UH,0.30000001192092896,-0.46000000834465027,AH,0.5400000214576721,0.07000000029802322,UH,0.4699999988079071
SH,EY,2,0.20999999344348907,R,0.6200000047683716,-0.23999999463558197,Y,0.8700000047683716,-0.25,S,0.550000011920929,-0.30000001192092896,ZH,0.6899999976158142
AO,AW,4,0.1599999964237213,T,0.5400000214576721,-0.4099999964237213,NG,0.44999998807907104,-0.019999999552965164,EY,0.6000000238418579,0.41999998688697815,UH,0.6800000071525574
EH,T,2,0.10999999940395355,OW,0.6800000071525574,-0.25999999046325684,AW,0.7699999809265137,-0.009999999776482582,AA,0.4000000059604645,0.1599999964237213,AA,0.699999988079071
N,IH,2,-0.18000000715255737,R_IH,0.4000000059604645,0.23000000417232513,B,0.46000000834465027,-0.14000000059604645,R,0.47999998927116394,0.05000000074505806,L,0.5299999713897705
T,R,2,0.27000001072883606,AO,0.5400000214576721,0.41999998688697815,DH,0.6399999856948853,0.20999999344348907,TH,0.5899999737739563,-0.25999999046325684,D,0.3199999928474426
R,N,3,-0.23000000417232513,SH,0.6200000047683716,0.029999999329447746,Y,0.6800000071525574,0.47999998927116394,N,0.47999998927116394,0.17000000178813934,L,0.5099999904632568
AA,CH,6,-0.17000000178813934,AY,0.5600000023841858,0.10999999940395355,IH,0.3400000035762787,-0.3100000023841858,AH,0.6800000071525574,0.25999999046325684,OW,0.800000011920929
T,AA,7,-0.25999999046325684,AO,0.5400000214576721,0.3199999928474426,DH,0.6399999856948853,-0.6700000166893005,TH,0.5899999737739563,-0.0,D,0.3199999928474426
R,IH,5,0.09000000357627869,SH,0.6200000047683716,0.17000000178813934,Y,0.6800000071525574,-0.07000000029802322,N,0.47999998927116394,0.05999999865889549,L,0.5099999904632568
S,T,4,0.15000000596046448,IH,0.5699999928474426,0.25999999046325684,NG,0.5299999713897705,0.41999998688697815,SH,0.550000011920929,-0.23000000417232513,M,0.4000000059604645
NG,N,4,-0.15000000596046448,V,0.4699999988079071,0.09000000357627869,D_DH,0.8199999928474426,0.15000000596046448,CH,0.44999998807907104,0.14000000059604645,D,0.4000000059604645
G,JH,5,0.0,Z,0.7699999809265137,0.0,ZH,0.4399999976158142,0.0,B,0.5199999809265137,0.09000000357627869,HH,0.5699999928474426
N,NG,4,-0.15000000596046448,R_IH,0.4000000059604645,0.09000000357627869,B,0.46000000834465027,0.15000000596046448,R,0.47999998927116394,0.14000000059604645,L,0.5299999713897705
UW,V,1,-0.4099999964237213,AA,0.550000011920929,0.28999999165534973,UH,0.30000001192092896,0.05000000074505806,AH,0.5400000214576721,0.36000001430511475,UH,0.4699999988079071
AH,Y,5,0.07000000029802322,IY,0.49000000953674316,-0.05000000074505806,IY,0.5899999737739563,-0.1599999964237213,AA,0.6800000071525574,0.18000000715255737,ER,0.5699999928474426
HH,G,1,0.18000000715255737,F,0.8399999737739563,0.10000000149011612,B_HH,0.7699999809265137,0.009999999776482582,AE,0.6000000238418579,0.5699999928474426,G,0.5699999928474426
P,F,3,-0.3199999928474426,T,0.4399999976158142,-0.019999999552965164,L,0.47999998927116394,0.12999999523162842,TH,0.5199999809265137,0.3700000047683716,B,0.550000011920929
AH,SH,1,-0.12999999523162842,IY,0.49000000953674316,0.15000000596046448,IY,0.5899999737739563,-0.1599999964237213,AA,0.6800000071525574,-0.10000000149011612,ER,0.5699999928474426
R,B,2,-0.10000000149011612,SH,0.6200000047683716,0.3100000023841858,Y,0.6800000071525574,-0.2199999988079071,N,0.47999998927116394,-0.23999999463558197,L,0.5099999904632568
B,Y,1,-0.20000000298023224,SH,0.3400000035762787,0.2800000011920929,N,0.46000000834465027,-0.009999999776482582,G,0.5199999809265137,-0.009999999776482582,F,0.5899999737739563
AA,G,1,-0.07999999821186066,AY,0.5600000023841858,0.10999999940395355,IH,0.3400000035762787,-0.07000000029802322,AH,0.6800000071525574,-0.009999999776482582,OW,0.800000011920929
AA,UH,6,0.07000000029802322,AY,0.5600000023841858,0.20000000298023224,IH,0.3400000035762787,0.2800000011920929,AH,0.6800000071525574,0.5099999904632568,OW,0.800000011920929
AH,D,3,-0.41999998688697815,IY,0.49000000953674316,-0.23999999463558197,IY,0.5899999737739563,-0.4699999988079071,AA,0.6800000071525574,0.10999999940395355,ER,0.5699999928474426
EH,Y,1,-0.07000000029802322,OW,0.6800000071525574,-0.15000000596046448,AW,0.7699999809265137,-0.4099999964237213,AA,0.4000000059604645,-0.07000000029802322,AA,0.699999988079071
V,UW,2,-0.4099999964237213,M,0.5099999904632568,0.28999999165534973,UW,0.28999999165534973,0.05000000074505806,T,0.5299999713897705,0.36000001430511475,JH,0.6200000047683716
IY,V,1,-0.14000000059604645,AY,0.550000011920929,0.18000000715255737,AH,0.5899999737739563,-0.20999999344348907,K_HH,0.41999998688697815,-0.17000000178813934,OW,0.7300000190734863
SH,T,1,0.47999998927116394,R,0.6200000047683716,0.3700000047683716,Y,0.8700000047683716,0.4699999988079071,S,0.550000011920929,0.30000001192092896,ZH,0.6899999976158142
AO,CH,2,0.46000000834465027,T,0.5400000214576721,0.20999999344348907,NG,0.44999998807907104,0.07000000029802322,EY,0.6000000238418579,0.07000000029802322,UH,0.6800000071525574
UW,AY,1,0.550000011920929,AA,0.550000011920929,-0.1899999976158142,UH,0.30000001192092896,-0.38999998569488525,AH,0.5400000214576721,-0.14000000059604645,UH,0.4699999988079071
-,V,1,0.0,-,0.0,0.0,-,0.0,0.0,-,0.0,0.0,-,0.0
-,TH,1,0.0,-,0.0,0.0,-,0.0,0.0,-,0.0,0.0,-,0.0
L,Y,1,0.3499999940395355,M,0.49000000953674316,0.3199999928474426,P,0.47999998927116394,-0.029999999329447746,D,0.4699999988079071,-0.05999999865889549,N,0.5299999713897705
AH,UW,2,0.44999998807907104,IY,0.49000000953674316,-0.11999999731779099,IY,0.5899999737739563,0.5400000214576721,AA,0.6800000071525574,0.3799999952316284,ER,0.5699999928474426
B,P,2,-0.18000000715255737,SH,0.3400000035762787,-0.09000000357627869,N,0.46000000834465027,0.20999999344348907,G,0.5199999809265137,0.550000011920929,F,0.5899999737739563
R,Z,1,-0.029999999329447746,SH,0.6200000047683716,0.17000000178813934,Y,0.6800000071525574,-0.1599999964237213,N,0.47999998927116394,-0.14000000059604645,L,0.5099999904632568
Z,B,1,-0.0,G,0.7699999809265137,0.07000000029802322,G_HH,0.699999988079071,0.20999999344348907,ZH,0.5199999809265137,0.25,D,0.41999998688697815
S,EY,1,0.029999999329447746,IH,0.5699999928474426,-0.1599999964237213,NG,0.5299999713897705,-0.25,SH,0.550000011920929,0.0,M,0.4000000059604645
N,AH,1,0.019999999552965164,R_IH,0.4000000059604645,0.03999999910593033,B,0.46000000834465027,-0.38999998569488525,R,0.47999998927116394,0.03999999910593033,L,0.5299999713897705
AA,N,1,-0.23000000417232513,AY,0.5600000023841858,0.1899999976158142,IH,0.3400000035762787,-0.019999999552965164,AH,0.6800000071525574,-0.05000000074505806,OW,0.800000011920929
V,-,11,0.0,-,0.0,0.0,-,0.0,0.0,-,0.0,0.0,-,0.0
Y,L,1,0.3499999940395355,UX,0.36000001430511475,0.3199999928474426,SH,0.8700000047683716,-0.029999999329447746,B_HH,0.5699999928474426,-0.05999999865889549,ZH,0.36000001430511475
Z,AH,2,-0.12999999523162842,G,0.7699999809265137,-0.009999999776482582,G_HH,0.699999988079071,0.029999999329447746,ZH,0.5199999809265137,0.1899999976158142,D,0.41999998688697815
AA,S,3,0.1599999964237213,AY,0.5600000023841858,0.07999999821186066,IH,0.3400000035762787,-0.4300000071525574,AH,0.6800000071525574,0.07000000029802322,OW,0.800000011920929
NG,T,2,-0.17000000178813934,V,0.4699999988079071,0.17000000178813934,D_DH,0.8199999928474426,0.30000001192092896,CH,0.44999998807907104,0.15000000596046448,D,0.4000000059604645
Z,D,2,-0.05000000074505806,G,0.7699999809265137,-0.30000001192092896,G_HH,0.699999988079071,0.27000001072883606,ZH,0.5199999809265137,0.41999998688697815,D,0.41999998688697815
Y,IH,1,-0.03999999910593033,UX,0.36000001430511475,0.4300000071525574,SH,0.8700000047683716,-0.12999999523162842,B_HH,0.5699999928474426,0.029999999329447746,ZH,0.36000001430511475
D,IY,3,-0.49000000953674316,R,0.4099999964237213,-0.2199999988079071,R_IH,0.3700000047683716,-0.4300000071525574,M,0.6200000047683716,-0.09000000357627869,Z,0.41999998688697815
L,T,1,0.33000001311302185,M,0.49000000953674316,0.25999999046325684,P,0.47999998927116394,0.41999998688697815,D,0.4699999988079071,-0.05000000074505806,N,0.5299999713897705
B,M,1,-0.1599999964237213,SH,0.3400000035762787,0.1899999976158142,N,0.46000000834465027,0.4099999964237213,G,0.5199999809265137,-0.07999999821186066,F,0.5899999737739563
IY,UW,3,0.5,AY,0.550000011920929,-0.07000000029802322,AH,0.5899999737739563,0.14000000059604645,K_HH,0.41999998688697815,0.15000000596046448,OW,0.7300000190734863
EH,V,2,-0.17000000178813934,OW,0.6800000071525574,-0.019999999552965164,AW,0.7699999809265137,0.03999999910593033,AA,0.4000000059604645,0.009999999776482582,AA,0.699999988079071
AO,Z,2,-0.38999998569488525,T,0.5400000214576721,0.05999999865889549,NG,0.44999998807907104,0.14000000059604645,EY,0.6000000238418579,-0.23999999463558197,UH,0.6800000071525574
S,AH,3,-0.09000000357627869,IH,0.5699999928474426,0.03999999910593033,NG,0.5299999713897705,-0.3100000023841858,SH,0.550000011920929,0.009999999776482582,M,0.4000000059604645
D,TH,1,-0.1899999976158142,R,0.4099999964237213,-0.12999999523162842,R_IH,0.3700000047683716,0.07999999821186066,M,0.6200000047683716,0.14000000059604645,Z,0.41999998688697815
R,EY,1,-0.10000000149011612,SH,0.6200000047683716,-0.029999999329447746,Y,0.6800000071525574,0.05999999865889549,N,0.47999998927116394,0.11999999731779099,L,0.5099999904632568
P,ER,1,0.0,T,0.4399999976158142,0.0,L,0.47999998927116394,0.0,TH,0.5199999809265137,-0.2800000011920929,B,0.550000011920929
IY,TH,4,-0.09000000357627869,AY,0.550000011920929,-0.029999999329447746,AH,0.5899999737739563,-0.009999999776482582,K_HH,0.41999998688697815,0.12999999523162842,OW,0.7300000190734863
B,AO,1,-0.05999999865889549,SH,0.3400000035762787,-0.029999999329447746,N,0.46000000834465027,-0.10000000149011612,G,0.5199999809265137,0.17000000178813934,F,0.5899999737739563
N,ER,1,0.0,R_IH,0.4000000059604645,0.0,B,0.46000000834465027,0.0,R,0.47999998927116394,0.25999999046325684,L,0.5299999713897705
IH,AY,1,-0.1899999976158142,HH,0.6399999856948853,-0.10999999940395355,M,0.550000011920929,0.05000000074505806,AH,0.4699999988079071,0.3499999940395355,EY,0.4699999988079071
EH,AA,2,0.1899999976158142,OW,0.6800000071525574,-0.2199999988079071,AW,0.7699999809265137,0.4000000059604645,AA,0.4000000059604645,0.699999988079071,AA,0.699999988079071
P,R,1,0.18000000715255737,T,0.4399999976158142,-0.2199999988079071,L,0.47999998927116394,0.0,TH,0.5199999809265137,-0.3100000023841858,B,0.550000011920929
ZH,AW,1,-0.20999999344348907,R,0.46000000834465027,-0.12999999523162842,CH,0.9100000262260437,-0.3199999928474426,Z,0.5199999809265137,-0.23000000417232513,SH,0.6899999976158142
AH,Z,3,-0.12999999523162842,IY,0.49000000953674316,-0.009999999776482582,IY,0.5899999737739563,0.029999999329447746,AA,0.6800000071525574,0.1899999976158142,ER,0.5699999928474426
M,N,1,0.009999999776482582,V,0.5099999904632568,0.14000000059604645,Y,0.6600000262260437,0.27000001072883606,D,0.6200000047683716,0.05999999865889549,UW,0.4099999964237213
V,W,1,-0.009999999776482582,M,0.5099999904632568,-0.1599999964237213,UW,0.28999999165534973,0.05999999865889549,T,0.5299999713897705,0.07999999821186066,JH,0.6200000047683716
Z,T,2,-0.20999999344348907,G,0.7699999809265137,0.5199999809265137,G_HH,0.699999988079071,-0.03999999910593033,ZH,0.5199999809265137,0.25999999046325684,D,0.41999998688697815
ZH,EH,1,0.1899999976158142,R,0.46000000834465027,-0.27000001072883606,CH,0.9100000262260437,0.029999999329447746,Z,0.5199999809265137,-0.09000000357627869,SH,0.6899999976158142
ZH,UW,1,0.12999999523162842,R,0.46000000834465027,-0.14000000059604645,CH,0.9100000262260437,-0.15000000596046448,Z,0.5199999809265137,0.23999999463558197,SH,0.6899999976158142
S,ZH,1,0.14000000059604645,IH,0.5699999928474426,0.11999999731779099,NG,0.5299999713897705,0.25,SH,0.550000011920929,-0.07999999821186066,M,0.4000000059604645
F,HH,1,0.8399999737739563,HH,0.8399999737739563,0.5799999833106995,CH,0.8899999856948853,0.17000000178813934,AO,0.4099999964237213,0.1899999976158142,B,0.5899999737739563
AE,R,1,-0.05999999865889549,Z,0.44999998807907104,-0.23999999463558197,D,0.33000001311302185,-0.09000000357627869,HH,0.6000000238418579,0.3100000023841858,AW,0.5699999928474426
IY,AE,1,-0.03999999910593033,AY,0.550000011920929,-0.4399999976158142,AH,0.5899999737739563,-0.07999999821186066,K_HH,0.41999998688697815,0.14000000059604645,OW,0.7300000190734863
Y,AA,1,-0.25999999046325684,UX,0.36000001430511475,-0.03999999910593033,SH,0.8700000047683716,-0.10999999940395355,B_HH,0.5699999928474426,0.14000000059604645,ZH,0.36000001430511475
D,R,3,0.4099999964237213,R,0.4099999964237213,0.07999999821186066,R_IH,0.3700000047683716,0.2199999988079071,M,0.6200000047683716,-0.30000001192092896,Z,0.41999998688697815
SH,HH,1,-0.07999999821186066,R,0.6200000047683716,0.4399999976158142,Y,0.8700000047683716,0.23000000417232513,S,0.550000011920929,0.03999999910593033,ZH,0.6899999976158142
R,UH,1,0.11999999731779099,SH,0.6200000047683716,-0.3400000035762787,Y,0.6800000071525574,-0.11999999731779099,N,0.47999998927116394,-0.05999999865889549,L,0.5099999904632568
IY,R,1,-0.30000001192092896,AY,0.550000011920929,-0.03999999910593033,AH,0.5899999737739563,-0.10000000149011612,K_HH,0.41999998688697815,0.15000000596046448,OW,0.7300000190734863
AA,T,1,-0.25999999046325684,AY,0.5600000023841858,0.3199999928474426,IH,0.3400000035762787,-0.6700000166893005,AH,0.6800000071525574,-0.0,OW,0.800000011920929
G,IH,1,0.25999999046325684,Z,0.7699999809265137,0.009999999776482582,ZH,0.4399999976158142,-0.12999999523162842,B,0.5199999809265137,0.20000000298023224,HH,0.5699999928474426
Z,K,1,-0.03999999910593033,G,0.7699999809265137,0.15000000596046448,G_HH,0.699999988079071,0.0,ZH,0.5199999809265137,-0.11999999731779099,D,0.41999998688697815
M,R,1,0.3700000047683716,V,0.5099999904632568,0.4099999964237213,Y,0.6600000262260437,0.07000000029802322,D,0.6200000047683716,-0.0,UW,0.4099999964237213
T,M,1,-0.05999999865889549,AO,0.5400000214576721,0.5699999928474426,DH,0.6399999856948853,0.4399999976158142,TH,0.5899999737739563,-0.029999999329447746,D,0.3199999928474426
UW,ZH,1,0.12999999523162842,AA,0.550000011920929,-0.14000000059604645,UH,0.30000001192092896,-0.15000000596046448,AH,0.5400000214576721,0.23999999463558197,UH,0.4699999988079071
Z,F,1,0.10999999940395355,G,0.7699999809265137,0.4000000059604645,G_HH,0.699999988079071,0.10999999940395355,ZH,0.5199999809265137,0.25999999046325684,D,0.41999998688697815
-,JH,1,0.0,-,0.0,0.0,-,0.0,0.0,-,0.0,0.0,-,0.0
NG,Z,1,-0.23000000417232513,V,0.4699999988079071,-0.05999999865889549,D_DH,0.8199999928474426,0.2800000011920929,CH,0.44999998807907104,0.10999999940395355,D,0.4000000059604645
AA,D,2,-0.4099999964237213,AY,0.5600000023841858,0.18000000715255737,IH,0.3400000035762787,-0.25999999046325684,AH,0.6800000071525574,0.05999999865889549,OW,0.800000011920929
F,ER,1,0.0,HH,0.8399999737739563,0.0,CH,0.8899999856948853,0.0,AO,0.4099999964237213,-0.30000001192092896,B,0.5899999737739563
AH,ZH,2,-0.15000000596046448,IY,0.49000000953674316,0.09000000357627869,IY,0.5899999737739563,0.10000000149011612,AA,0.6800000071525574,-0.12999999523162842,ER,0.5699999928474426
Y,AH,2,0.07000000029802322,UX,0.36000001430511475,-0.05000000074505806,SH,0.8700000047683716,-0.1599999964237213,B_HH,0.5699999928474426,0.18000000715255737,ZH,0.36000001430511475
D,AY,2,-0.33000001311302185,R,0.4099999964237213,0.07000000029802322,R_IH,0.3700000047683716,-0.009999999776482582,M,0.6200000047683716,0.1599999964237213,Z,0.41999998688697815
S,AE,1,0.009999999776482582,IH,0.5699999928474426,-0.12999999523162842,NG,0.5299999713897705,0.11999999731779099,SH,0.550000011920929,0.029999999329447746,M,0.4000000059604645
T,Z,1,-0.20999999344348907,AO,0.5400000214576721,0.5199999809265137,DH,0.6399999856948853,-0.03999999910593033,TH,0.5899999737739563,0.25999999046325684,D,0.3199999928474426
SH,S,2,0.10000000149011612,R,0.6200000047683716,0.30000001192092896,Y,0.8700000047683716,0.550000011920929,S,0.550000011920929,0.20999999344348907,ZH,0.6899999976158142
SH,UH,1,0.10999999940395355,R,0.6200000047683716,-0.1599999964237213,Y,0.8700000047683716,-0.20999999344348907,S,0.550000011920929,0.07999999821186066,ZH,0.6899999976158142
R,V,1,0.3700000047683716,SH,0.6200000047683716,0.009999999776482582,Y,0.6800000071525574,0.10000000149011612,N,0.47999998927116394,-0.23999999463558197,L,0.5099999904632568
IY,W,1,-0.07999999821186066,AY,0.550000011920929,-0.009999999776482582,AH,0.5899999737739563,-0.03999999910593033,K_HH,0.41999998688697815,-0.07999999821186066,OW,0.7300000190734863
AA,L,1,-0.3100000023841858,AY,0.5600000023841858,-0.2199999988079071,IH,0.3400000035762787,-0.27000001072883606,AH,0.6800000071525574,-0.019999999552965164,OW,0.800000011920929
IY,CH,1,-0.3499999940395355,AY,0.550000011920929,-0.18000000715255737,AH,0.5899999737739563,-0.11999999731779099,K_HH,0.41999998688697815,0.10000000149011612,OW,0.7300000190734863
B,V,1,0.23999999463558197,SH,0.3400000035762787,-0.23000000417232513,N,0.46000000834465027,-0.1599999964237213,G,0.5199999809265137,0.28999999165534973,F,0.5899999737739563
AA,M,1,-0.5199999809265137,AY,0.5600000023841858,0.10999999940395355,IH,0.3400000035762787,-0.25999999046325684,AH,0.6800000071525574,0.12999999523162842,OW,0.800000011920929
Y,Z,1,0.009999999776482582,UX,0.36000001430511475,0.38999998569488525,SH,0.8700000047683716,0.15000000596046448,B_HH,0.5699999928474426,-0.10999999940395355,ZH,0.36000001430511475
AH,B,1,0.28999999165534973,IY,0.49000000953674316,-0.27000001072883606,IY,0.5899999737739563,0.14000000059604645,AA,0.6800000071525574,-0.05999999865889549,ER,0.5699999928474426
V,D,1,0.20000000298023224,M,0.5099999904632568,-0.17000000178813934,UW,0.28999999165534973,0.25999999046325684,T,0.5299999713897705,0.05999999865889549,JH,0.6200000047683716
ZH,G,1,-0.029999999329447746,R,0.46000000834465027,0.4399999976158142,CH,0.9100000262260437,0.30000001192092896,Z,0.5199999809265137,0.28999999165534973,SH,0.6899999976158142
W,V,1,-0.009999999776482582,HH,0.5099999904632568,-0.1599999964237213,K_HH,0.6899999976158142,0.05999999865889549,K,0.4699999988079071,0.07999999821186066,F,0.5400000214576721
T,OY,1,0.0,AO,0.5400000214576721,0.0,DH,0.6399999856948853,0.0,TH,0.5899999737739563,0.25,D,0.3199999928474426
T,K,1,0.33000001311302185,AO,0.5400000214576721,0.03999999910593033,DH,0.6399999856948853,0.5799999833106995,TH,0.5899999737739563,0.17000000178813934,D,0.3199999928474426
OW,CH,1,-0.3199999928474426,EH,0.6800000071525574,-0.6299999952316284,EH,0.6200000047683716,-0.23000000417232513,AO,0.550000011920929,0.23000000417232513,AA,0.800000011920929
OW,AE,1,0.029999999329447746,EH,0.6800000071525574,0.11999999731779099,EH,0.6200000047683716,-0.009999999776482582,AO,0.550000011920929,0.30000001192092896,AA,0.800000011920929
-,ZH,1,0.0,-,0.0,0.0,-,0.0,0.0,-,0.0,0.0,-,0.0
UH,AW,1,0.6200000047683716,AW,0.6200000047683716,0.49000000953674316,AW,0.49000000953674316,-0.03999999910593033,UW,0.47999998927116394,0.11999999731779099,AO,0.6800000071525574
EH,JH,1,0.0,OW,0.6800000071525574,0.0,AW,0.7699999809265137,0.0,AA,0.4000000059604645,0.10000000149011612,AA,0.699999988079071
